{"43.6043,1.4429|43.6968,7.2839":[[43.604818,1.442637],[43.431984,1.624547],[43.228596,2.11555],[43.150667,2.984765],[43.297977,3.203588],[43.488588,3.712315],[43.671491,4.014137],[43.809326,4.343329],[43.684331,4.551386],[43.629995,4.751314],[43.627845,5.12666],[43.551918,5.235999],[43.482305,5.5414],[43.480096,5.770677],[43.423895,5.956955],[43.39497,6.319498],[43.464171,6.567185],[43.458052,6.706488],[43.546132,6.790395],[43.541271,6.935566],[43.696808,7.283803]],"43.6968,7.2839|45.4376,12.3196":[[43.696808,7.283803],[43.730422,7.28431],[43.759055,7.443238],[43.796547,7.47917],[43.792983,7.685041],[43.839196,7.748465],[43.836933,7.807215],[43.870401,7.855269],[43.849793,7.934623],[43.950801,8.132446],[44.038986,8.134208],[44.102901,8.229444],[44.126797,8.226917],[44.22042,8.326773],[44.229208,8.396654],[44.317696,8.47151],[44.4291,8.743248],[44.446715,8.715318],[44.454126,8.744615],[44.490688,8.733177],[44.573239,8.659807],[44.722178,8.667345],[44.76095,8.645747],[44.833929,8.829511],[44.916263,8.845516],[45.002417,8.97602],[45.082779,9.293664],[45.044366,9.811645],[45.061449,9.943435],[45.112797,10.054231],[45.50373,10.240307],[45.434624,10.597635],[45.396927,10.978421],[45.421868,11.130575],[45.409742,11.275063],[45.443016,11.375412],[45.517775,11.503215],[45.516577,11.583887],[45.419143,11.939959],[45.482762,12.224377],[45.437374,12.319135]],"45.4376,12.3196|45.5286,13.5683":[[45.437374,12.319135],[45.469099,12.268869],[45.510056,12.236661],[45.648664,12.478898],[45.785035,12.789603],[45.804175,12.881487],[45.809254,12.964153],[45.833103,13.111587],[45.896189,13.287964],[45.841199,13.506535],[45.821063,13.530243],[45.807062,13.575096],[45.778555,13.601644],[45.773722,13.639638],[45.759527,13.67004],[45.703926,13.749773],[45.697784,13.804916],[45.640365,13.84452],[45.633683,13.837652],[45.634211,13.81162],[45.615884,13.849413],[45.595402,13.804217],[45.558059,13.785088],[45.537608,13.739856],[45.543535,13.711925],[45.538187,13.680262],[45.523307,13.659782],[45.530324,13.632579],[45.516949,13.586415],[45.518525,13.571175],[45.52821,13.567957]],"45.5286,13.5683|45.7758,14.2031":[[45.52821,13.567957],[45.521818,13.56678],[45.51829,13.571214],[45.52174,13.575249],[45.517043,13.585679],[45.516651,13.601823],[45.524426,13.607983],[45.529718,13.62585],[45.530349,13.634673],[45.525648,13.643166],[45.523466,13.661051],[45.527562,13.669341],[45.534126,13.673326],[45.537889,13.679816],[45.543135,13.709672],[45.537634,13.740522],[45.54995,13.772799],[45.559237,13.785601],[45.554696,13.801708],[45.551323,13.82571],[45.552026,13.834685],[45.556541,13.846952],[45.552837,13.858843],[45.55355,13.866551],[45.5589,13.871688],[45.572324,13.870416],[45.582196,13.88058],[45.584649,13.896422],[45.580527,13.915712],[45.584946,13.927878],[45.589557,13.930132],[45.608256,13.929227],[45.611879,13.933798],[45.618214,13.950624],[45.627643,13.958554],[45.637619,13.961796],[45.652363,13.960899],[45.682324,13.976673],[45.69452,13.979787],[45.699106,13.984906],[45.704082,13.998833],[45.718136,14.00431],[45.72539,14.01472],[45.735517,14.02295],[45.744332,14.039815],[45.752863,14.046318],[45.759317,14.059754],[45.75923,14.088548],[45.765011,14.124871],[45.759692,14.173003],[45.760048,14.196526],[45.758327,14.195559],[45.771852,14.199122],[45.775204,14.205599],[45.775695,14.203142]],"45.7758,14.2031|46.0508,14.5074":[[45.775695,14.203142],[45.775204,14.205599],[45.772132,14.199022],[45.758257,14.194715],[45.767739,14.220038],[45.78455,14.223052],[45.792774,14.230684],[45.796081,14.238635],[45.799666,14.259261],[45.807002,14.279483],[45.811684,14.285783],[45.821169,14.285676],[45.831361,14.294413],[45.837682,14.294431],[45.875241,14.263832],[45.901961,14.255926],[45.923634,14.268548],[45.934015,14.27171],[45.94154,14.277828],[45.947443,14.296715],[45.952565,14.303576],[45.970605,14.305437],[45.9815,14.313963],[45.999778,14.342597],[46.007365,14.369765],[46.016568,14.386751],[46.026501,14.437235],[46.029505,14.444448],[46.036938,14.45177],[46.033738,14.465302],[46.037099,14.466586],[46.047327,14.495017],[46.0499,14.494532],[46.056484,14.501443],[46.053555,14.510536],[46.050778,14.510675],[46.050419,14.507629]],"46.0508,14.5074|46.3636,14.0938":[[46.050419,14.507629],[46.053555,14.510536],[46.061104,14.496536],[46.09767,14.463839],[46.125121,14.482061],[46.145014,14.476083],[46.173201,14.486329],[46.186756,14.481369],[46.203463,14.462521],[46.235862,14.406077],[46.256524,14.37946],[46.281542,14.292777],[46.310826,14.277608],[46.314896,14.2528],[46.331527,14.203293],[46.368558,14.161967],[46.36351,14.149838],[46.36867,14.116508],[46.36215,14.099194]],"46.3636,14.0938|46.2792,13.8644":[[46.36215,14.099194],[46.359823,14.099205],[46.34986,14.072986],[46.346793,14.070207],[46.344847,14.066489],[46.340375,14.065833],[46.323,14.058737],[46.315063,14.063141],[46.310638,14.063431],[46.305546,14.061409],[46.304028,14.058029],[46.303378,14.048635],[46.302283,14.045101],[46.29761,14.036807],[46.290779,14.032835],[46.285347,14.022413],[46.285088,14.018837],[46.288092,14.014019],[46.289281,14.007371],[46.288004,13.981787],[46.286703,13.976677],[46.281848,13.969633],[46.283305,13.962137],[46.281779,13.953986],[46.278501,13.9528],[46.27702,13.950321],[46.272635,13.952542],[46.273522,13.95021],[46.272767,13.940939],[46.273711,13.937889],[46.271616,13.930799],[46.27355,13.924895],[46.272037,13.917008],[46.270281,13.913156],[46.268553,13.912501],[46.267514,13.905394],[46.268846,13.898003],[46.272858,13.895087],[46.277814,13.88642],[46.276199,13.882379],[46.277479,13.880422],[46.278417,13.874266],[46.278673,13.864439]],"46.3636,14.0938|46.1837,13.7340":[[46.36215,14.099194],[46.359823,14.099205],[46.34986,14.072986],[46.344847,14.066489],[46.323,14.058737],[46.315063,14.063141],[46.305388,14.061205],[46.302283,14.045101],[46.29761,14.036807],[46.290779,14.032835],[46.285049,14.021487],[46.289281,14.007371],[46.288088,13.982401],[46.281848,13.969633],[46.283305,13.962582],[46.282017,13.954516],[46.27702,13.950321],[46.272819,13.952979],[46.27065,13.959312],[46.271278,13.965439],[46.27588,13.963814],[46.272379,13.97281],[46.274295,13.992492],[46.27007,13.994849],[46.268635,13.999645],[46.272529,14.005038],[46.276013,14.005111],[46.275596,14.021223],[46.271495,14.020644],[46.264511,14.006971],[46.254404,14.007771],[46.251574,14.004154],[46.241952,14.008197],[46.237545,14.021447],[46.228936,14.022746],[46.234545,14.025032],[46.231355,14.029615],[46.225464,14.032039],[46.227856,14.030385],[46.221294,14.023287],[46.221621,14.014523],[46.21697,14.011734],[46.215342,14.008102],[46.217987,14.005861],[46.214647,14.003135],[46.216068,14.000065],[46.212047,13.996323],[46.212822,13.988238],[46.213549,13.991069],[46.215177,13.985641],[46.213563,13.98568],[46.21447,13.97348],[46.20739,13.964534],[46.19903,13.94486],[46.199209,13.940331],[46.192503,13.928721],[46.177038,13.918497],[46.169936,13.904104],[46.1638,13.898084],[46.162808,13.88403],[46.164963,13.870313],[46.15757,13.866747],[46.154448,13.856577],[46.159909,13.837274],[46.158342,13.827093],[46.161452,13.828949],[46.158306,13.817278],[46.160541,13.814661],[46.159387,13.795588],[46.160958,13.790091],[46.157907,13.776248],[46.146341,13.768505],[46.145504,13.763411],[46.148863,13.75916],[46.152509,13.741707],[46.154513,13.74679],[46.169292,13.754526],[46.170649,13.746352],[46.173597,13.742665],[46.179855,13.739451],[46.184064,13.740791],[46.183703,13.733999]],